<?xml version="1.0" encoding="ISO-8859-1" standalone="yes"?>
<WINDEV_DATABASE name="euro2004">
<WINDEV_TABLE name="cities">
  <TableInfoTable>
    <Field>city_id</Field>
    <Type>tinyint(4) unsigned</Type>
    <Null></Null>
    <Key>PRI</Key>
    <Default></Default>
    <Extra>auto_increment</Extra>
    <Index_length>0</Index_length>
    <Data_free>0</Data_free>
    <Auto_increment>0</Auto_increment>
    <Create_time></Create_time>
    <Update_time></Update_time>
    <Check_time></Check_time>
    <Create_options></Create_options>
    <Comment></Comment>
  </TableInfoTable>
  <TableInfoTable>
    <Field>name</Field>
    <Type>varchar(25)</Type>
    <Null>YES</Null>
    <Key></Key>
    <Default></Default>
    <Extra></Extra>
    <Index_length>0</Index_length>
    <Data_free>0</Data_free>
    <Auto_increment>0</Auto_increment>
    <Create_time></Create_time>
    <Update_time></Update_time>
    <Check_time></Check_time>
    <Create_options></Create_options>
    <Comment></Comment>
  </TableInfoTable>
</WINDEV_TABLE>
<WINDEV_TABLE name="clubs">
  <TableInfoTable>
    <Field>club_id</Field>
    <Type>tinyint(4) unsigned</Type>
    <Null></Null>
    <Key>PRI</Key>
    <Default></Default>
    <Extra>auto_increment</Extra>
    <Index_length>0</Index_length>
    <Data_free>0</Data_free>
    <Auto_increment>0</Auto_increment>
    <Create_time></Create_time>
    <Update_time></Update_time>
    <Check_time></Check_time>
    <Create_options></Create_options>
    <Comment></Comment>
  </TableInfoTable>
  <TableInfoTable>
    <Field>name</Field>
    <Type>varchar(30)</Type>
    <Null>YES</Null>
    <Key>MUL</Key>
    <Default></Default>
    <Extra></Extra>
    <Index_length>0</Index_length>
    <Data_free>0</Data_free>
    <Auto_increment>0</Auto_increment>
    <Create_time></Create_time>
    <Update_time></Update_time>
    <Check_time></Check_time>
    <Create_options></Create_options>
    <Comment></Comment>
  </TableInfoTable>
</WINDEV_TABLE>
<WINDEV_TABLE name="coaches">
  <TableInfoTable>
    <Field>coach_id</Field>
    <Type>tinyint(4) unsigned</Type>
    <Null></Null>
    <Key>PRI</Key>
    <Default></Default>
    <Extra>auto_increment</Extra>
    <Index_length>0</Index_length>
    <Data_free>0</Data_free>
    <Auto_increment>0</Auto_increment>
    <Create_time></Create_time>
    <Update_time></Update_time>
    <Check_time></Check_time>
    <Create_options></Create_options>
    <Comment></Comment>
  </TableInfoTable>
  <TableInfoTable>
    <Field>name</Field>
    <Type>varchar(20)</Type>
    <Null>YES</Null>
    <Key></Key>
    <Default></Default>
    <Extra></Extra>
    <Index_length>0</Index_length>
    <Data_free>0</Data_free>
    <Auto_increment>0</Auto_increment>
    <Create_time></Create_time>
    <Update_time></Update_time>
    <Check_time></Check_time>
    <Create_options></Create_options>
    <Comment></Comment>
  </TableInfoTable>
  <TableInfoTable>
    <Field>birth_date</Field>
    <Type>date</Type>
    <Null>YES</Null>
    <Key></Key>
    <Default></Default>
    <Extra></Extra>
    <Index_length>0</Index_length>
    <Data_free>0</Data_free>
    <Auto_increment>0</Auto_increment>
    <Create_time></Create_time>
    <Update_time></Update_time>
    <Check_time></Check_time>
    <Create_options></Create_options>
    <Comment></Comment>
  </TableInfoTable>
  <TableInfoTable>
    <Field>photo</Field>
    <Type>longblob</Type>
    <Null>YES</Null>
    <Key></Key>
    <Default></Default>
    <Extra></Extra>
    <Index_length>0</Index_length>
    <Data_free>0</Data_free>
    <Auto_increment>0</Auto_increment>
    <Create_time></Create_time>
    <Update_time></Update_time>
    <Check_time></Check_time>
    <Create_options></Create_options>
    <Comment></Comment>
  </TableInfoTable>
  <TableInfoTable>
    <Field>team</Field>
    <Type>tinyint(2) unsigned</Type>
    <Null></Null>
    <Key></Key>
    <Default>0</Default>
    <Extra></Extra>
    <Index_length>0</Index_length>
    <Data_free>0</Data_free>
    <Auto_increment>0</Auto_increment>
    <Create_time></Create_time>
    <Update_time></Update_time>
    <Check_time></Check_time>
    <Create_options></Create_options>
    <Comment>teams:team_id</Comment>
  </TableInfoTable>
</WINDEV_TABLE>
<WINDEV_TABLE name="countries">
  <TableInfoTable>
    <Field>country_id</Field>
    <Type>tinyint(4) unsigned</Type>
    <Null></Null>
    <Key>PRI</Key>
    <Default></Default>
    <Extra>auto_increment</Extra>
    <Index_length>0</Index_length>
    <Data_free>0</Data_free>
    <Auto_increment>0</Auto_increment>
    <Create_time></Create_time>
    <Update_time></Update_time>
    <Check_time></Check_time>
    <Create_options></Create_options>
    <Comment></Comment>
  </TableInfoTable>
  <TableInfoTable>
    <Field>name</Field>
    <Type>varchar(25)</Type>
    <Null>YES</Null>
    <Key>MUL</Key>
    <Default></Default>
    <Extra></Extra>
    <Index_length>0</Index_length>
    <Data_free>0</Data_free>
    <Auto_increment>0</Auto_increment>
    <Create_time></Create_time>
    <Update_time></Update_time>
    <Check_time></Check_time>
    <Create_options></Create_options>
    <Comment></Comment>
  </TableInfoTable>
  <TableInfoTable>
    <Field>flag</Field>
    <Type>blob</Type>
    <Null>YES</Null>
    <Key></Key>
    <Default></Default>
    <Extra></Extra>
    <Index_length>0</Index_length>
    <Data_free>0</Data_free>
    <Auto_increment>0</Auto_increment>
    <Create_time></Create_time>
    <Update_time></Update_time>
    <Check_time></Check_time>
    <Create_options></Create_options>
    <Comment></Comment>
  </TableInfoTable>
</WINDEV_TABLE>
<WINDEV_TABLE name="goals">
  <TableInfoTable>
    <Field>goal_id</Field>
    <Type>int(4) unsigned</Type>
    <Null></Null>
    <Key>PRI</Key>
    <Default></Default>
    <Extra>auto_increment</Extra>
    <Index_length>0</Index_length>
    <Data_free>0</Data_free>
    <Auto_increment>0</Auto_increment>
    <Create_time></Create_time>
    <Update_time></Update_time>
    <Check_time></Check_time>
    <Create_options></Create_options>
    <Comment></Comment>
  </TableInfoTable>
  <TableInfoTable>
    <Field>match</Field>
    <Type>tinyint(4) unsigned</Type>
    <Null></Null>
    <Key></Key>
    <Default>0</Default>
    <Extra></Extra>
    <Index_length>0</Index_length>
    <Data_free>0</Data_free>
    <Auto_increment>0</Auto_increment>
    <Create_time></Create_time>
    <Update_time></Update_time>
    <Check_time></Check_time>
    <Create_options></Create_options>
    <Comment>matches:match_id</Comment>
  </TableInfoTable>
  <TableInfoTable>
    <Field>player</Field>
    <Type>int(4) unsigned</Type>
    <Null></Null>
    <Key></Key>
    <Default>0</Default>
    <Extra></Extra>
    <Index_length>0</Index_length>
    <Data_free>0</Data_free>
    <Auto_increment>0</Auto_increment>
    <Create_time></Create_time>
    <Update_time></Update_time>
    <Check_time></Check_time>
    <Create_options></Create_options>
    <Comment>players:player_id</Comment>
  </TableInfoTable>
  <TableInfoTable>
    <Field>time</Field>
    <Type>tinyint(2) unsigned</Type>
    <Null></Null>
    <Key></Key>
    <Default>0</Default>
    <Extra></Extra>
    <Index_length>0</Index_length>
    <Data_free>0</Data_free>
    <Auto_increment>0</Auto_increment>
    <Create_time></Create_time>
    <Update_time></Update_time>
    <Check_time></Check_time>
    <Create_options></Create_options>
    <Comment></Comment>
  </TableInfoTable>
  <TableInfoTable>
    <Field>added_time</Field>
    <Type>tinyint(2) unsigned</Type>
    <Null></Null>
    <Key></Key>
    <Default>0</Default>
    <Extra></Extra>
    <Index_length>0</Index_length>
    <Data_free>0</Data_free>
    <Auto_increment>0</Auto_increment>
    <Create_time></Create_time>
    <Update_time></Update_time>
    <Check_time></Check_time>
    <Create_options></Create_options>
    <Comment></Comment>
  </TableInfoTable>
  <TableInfoTable>
    <Field>extra_time</Field>
    <Type>tinyint(2) unsigned</Type>
    <Null></Null>
    <Key></Key>
    <Default>0</Default>
    <Extra></Extra>
    <Index_length>0</Index_length>
    <Data_free>0</Data_free>
    <Auto_increment>0</Auto_increment>
    <Create_time></Create_time>
    <Update_time></Update_time>
    <Check_time></Check_time>
    <Create_options></Create_options>
    <Comment></Comment>
  </TableInfoTable>
  <TableInfoTable>
    <Field>own_goal</Field>
    <Type>enum('n','y')</Type>
    <Null>YES</Null>
    <Key></Key>
    <Default>n</Default>
    <Extra></Extra>
    <Index_length>0</Index_length>
    <Data_free>0</Data_free>
    <Auto_increment>0</Auto_increment>
    <Create_time></Create_time>
    <Update_time></Update_time>
    <Check_time></Check_time>
    <Create_options></Create_options>
    <Comment></Comment>
  </TableInfoTable>
  <TableInfoTable>
    <Field>penalty</Field>
    <Type>enum('n','y')</Type>
    <Null>YES</Null>
    <Key></Key>
    <Default>n</Default>
    <Extra></Extra>
    <Index_length>0</Index_length>
    <Data_free>0</Data_free>
    <Auto_increment>0</Auto_increment>
    <Create_time></Create_time>
    <Update_time></Update_time>
    <Check_time></Check_time>
    <Create_options></Create_options>
    <Comment></Comment>
  </TableInfoTable>
</WINDEV_TABLE>
<WINDEV_TABLE name="matches">
  <TableInfoTable>
    <Field>match_id</Field>
    <Type>tinyint(4) unsigned</Type>
    <Null></Null>
    <Key>PRI</Key>
    <Default></Default>
    <Extra>auto_increment</Extra>
    <Index_length>0</Index_length>
    <Data_free>0</Data_free>
    <Auto_increment>0</Auto_increment>
    <Create_time></Create_time>
    <Update_time></Update_time>
    <Check_time></Check_time>
    <Create_options></Create_options>
    <Comment></Comment>
  </TableInfoTable>
  <TableInfoTable>
    <Field>date</Field>
    <Type>date</Type>
    <Null>YES</Null>
    <Key></Key>
    <Default></Default>
    <Extra></Extra>
    <Index_length>0</Index_length>
    <Data_free>0</Data_free>
    <Auto_increment>0</Auto_increment>
    <Create_time></Create_time>
    <Update_time></Update_time>
    <Check_time></Check_time>
    <Create_options></Create_options>
    <Comment></Comment>
  </TableInfoTable>
  <TableInfoTable>
    <Field>team_1</Field>
    <Type>tinyint(2) unsigned</Type>
    <Null></Null>
    <Key></Key>
    <Default>0</Default>
    <Extra></Extra>
    <Index_length>0</Index_length>
    <Data_free>0</Data_free>
    <Auto_increment>0</Auto_increment>
    <Create_time></Create_time>
    <Update_time></Update_time>
    <Check_time></Check_time>
    <Create_options></Create_options>
    <Comment>teams:team_id</Comment>
  </TableInfoTable>
  <TableInfoTable>
    <Field>team_2</Field>
    <Type>tinyint(2) unsigned</Type>
    <Null></Null>
    <Key></Key>
    <Default>0</Default>
    <Extra></Extra>
    <Index_length>0</Index_length>
    <Data_free>0</Data_free>
    <Auto_increment>0</Auto_increment>
    <Create_time></Create_time>
    <Update_time></Update_time>
    <Check_time></Check_time>
    <Create_options></Create_options>
    <Comment>teams:team_id</Comment>
  </TableInfoTable>
  <TableInfoTable>
    <Field>stage</Field>
    <Type>enum('Group','Quarter-final','Semi-final','Final')</Type>
    <Null>YES</Null>
    <Key></Key>
    <Default></Default>
    <Extra></Extra>
    <Index_length>0</Index_length>
    <Data_free>0</Data_free>
    <Auto_increment>0</Auto_increment>
    <Create_time></Create_time>
    <Update_time></Update_time>
    <Check_time></Check_time>
    <Create_options></Create_options>
    <Comment></Comment>
  </TableInfoTable>
  <TableInfoTable>
    <Field>referee</Field>
    <Type>tinyint(4) unsigned</Type>
    <Null></Null>
    <Key></Key>
    <Default>0</Default>
    <Extra></Extra>
    <Index_length>0</Index_length>
    <Data_free>0</Data_free>
    <Auto_increment>0</Auto_increment>
    <Create_time></Create_time>
    <Update_time></Update_time>
    <Check_time></Check_time>
    <Create_options></Create_options>
    <Comment>referees:referee_id</Comment>
  </TableInfoTable>
  <TableInfoTable>
    <Field>stadium</Field>
    <Type>tinyint(4) unsigned</Type>
    <Null></Null>
    <Key></Key>
    <Default>0</Default>
    <Extra></Extra>
    <Index_length>0</Index_length>
    <Data_free>0</Data_free>
    <Auto_increment>0</Auto_increment>
    <Create_time></Create_time>
    <Update_time></Update_time>
    <Check_time></Check_time>
    <Create_options></Create_options>
    <Comment>stadiums:stadium_id</Comment>
  </TableInfoTable>
  <TableInfoTable>
    <Field>man_of_the_match</Field>
    <Type>int(4) unsigned</Type>
    <Null></Null>
    <Key></Key>
    <Default>0</Default>
    <Extra></Extra>
    <Index_length>0</Index_length>
    <Data_free>0</Data_free>
    <Auto_increment>0</Auto_increment>
    <Create_time></Create_time>
    <Update_time></Update_time>
    <Check_time></Check_time>
    <Create_options></Create_options>
    <Comment>players:player_id</Comment>
  </TableInfoTable>
</WINDEV_TABLE>
<WINDEV_TABLE name="players">
  <TableInfoTable>
    <Field>player_id</Field>
    <Type>int(4) unsigned</Type>
    <Null></Null>
    <Key>PRI</Key>
    <Default></Default>
    <Extra>auto_increment</Extra>
    <Index_length>0</Index_length>
    <Data_free>0</Data_free>
    <Auto_increment>0</Auto_increment>
    <Create_time></Create_time>
    <Update_time></Update_time>
    <Check_time></Check_time>
    <Create_options></Create_options>
    <Comment></Comment>
  </TableInfoTable>
  <TableInfoTable>
    <Field>name</Field>
    <Type>varchar(25)</Type>
    <Null>YES</Null>
    <Key></Key>
    <Default></Default>
    <Extra></Extra>
    <Index_length>0</Index_length>
    <Data_free>0</Data_free>
    <Auto_increment>0</Auto_increment>
    <Create_time></Create_time>
    <Update_time></Update_time>
    <Check_time></Check_time>
    <Create_options></Create_options>
    <Comment></Comment>
  </TableInfoTable>
  <TableInfoTable>
    <Field>team</Field>
    <Type>tinyint(2) unsigned</Type>
    <Null></Null>
    <Key>MUL</Key>
    <Default>0</Default>
    <Extra></Extra>
    <Index_length>0</Index_length>
    <Data_free>0</Data_free>
    <Auto_increment>0</Auto_increment>
    <Create_time></Create_time>
    <Update_time></Update_time>
    <Check_time></Check_time>
    <Create_options></Create_options>
    <Comment>teams:team_id</Comment>
  </TableInfoTable>
  <TableInfoTable>
    <Field>num_in_team</Field>
    <Type>tinyint(2)</Type>
    <Null>YES</Null>
    <Key></Key>
    <Default></Default>
    <Extra></Extra>
    <Index_length>0</Index_length>
    <Data_free>0</Data_free>
    <Auto_increment>0</Auto_increment>
    <Create_time></Create_time>
    <Update_time></Update_time>
    <Check_time></Check_time>
    <Create_options></Create_options>
    <Comment></Comment>
  </TableInfoTable>
  <TableInfoTable>
    <Field>position</Field>
    <Type>enum('GK','DF','MD','FW')</Type>
    <Null>YES</Null>
    <Key></Key>
    <Default></Default>
    <Extra></Extra>
    <Index_length>0</Index_length>
    <Data_free>0</Data_free>
    <Auto_increment>0</Auto_increment>
    <Create_time></Create_time>
    <Update_time></Update_time>
    <Check_time></Check_time>
    <Create_options></Create_options>
    <Comment></Comment>
  </TableInfoTable>
  <TableInfoTable>
    <Field>birth_date</Field>
    <Type>date</Type>
    <Null>YES</Null>
    <Key></Key>
    <Default></Default>
    <Extra></Extra>
    <Index_length>0</Index_length>
    <Data_free>0</Data_free>
    <Auto_increment>0</Auto_increment>
    <Create_time></Create_time>
    <Update_time></Update_time>
    <Check_time></Check_time>
    <Create_options></Create_options>
    <Comment></Comment>
  </TableInfoTable>
  <TableInfoTable>
    <Field>current_club</Field>
    <Type>tinyint(4) unsigned</Type>
    <Null></Null>
    <Key></Key>
    <Default>0</Default>
    <Extra></Extra>
    <Index_length>0</Index_length>
    <Data_free>0</Data_free>
    <Auto_increment>0</Auto_increment>
    <Create_time></Create_time>
    <Update_time></Update_time>
    <Check_time></Check_time>
    <Create_options></Create_options>
    <Comment>clubs:club_id</Comment>
  </TableInfoTable>
  <TableInfoTable>
    <Field>photo</Field>
    <Type>blob</Type>
    <Null>YES</Null>
    <Key></Key>
    <Default></Default>
    <Extra></Extra>
    <Index_length>0</Index_length>
    <Data_free>0</Data_free>
    <Auto_increment>0</Auto_increment>
    <Create_time></Create_time>
    <Update_time></Update_time>
    <Check_time></Check_time>
    <Create_options></Create_options>
    <Comment></Comment>
  </TableInfoTable>
</WINDEV_TABLE>
<WINDEV_TABLE name="referees">
  <TableInfoTable>
    <Field>referee_id</Field>
    <Type>tinyint(4) unsigned</Type>
    <Null></Null>
    <Key>PRI</Key>
    <Default></Default>
    <Extra>auto_increment</Extra>
    <Index_length>0</Index_length>
    <Data_free>0</Data_free>
    <Auto_increment>0</Auto_increment>
    <Create_time></Create_time>
    <Update_time></Update_time>
    <Check_time></Check_time>
    <Create_options></Create_options>
    <Comment></Comment>
  </TableInfoTable>
  <TableInfoTable>
    <Field>name</Field>
    <Type>varchar(25)</Type>
    <Null>YES</Null>
    <Key></Key>
    <Default></Default>
    <Extra></Extra>
    <Index_length>0</Index_length>
    <Data_free>0</Data_free>
    <Auto_increment>0</Auto_increment>
    <Create_time></Create_time>
    <Update_time></Update_time>
    <Check_time></Check_time>
    <Create_options></Create_options>
    <Comment></Comment>
  </TableInfoTable>
  <TableInfoTable>
    <Field>country</Field>
    <Type>tinyint(4) unsigned</Type>
    <Null></Null>
    <Key></Key>
    <Default>0</Default>
    <Extra></Extra>
    <Index_length>0</Index_length>
    <Data_free>0</Data_free>
    <Auto_increment>0</Auto_increment>
    <Create_time></Create_time>
    <Update_time></Update_time>
    <Check_time></Check_time>
    <Create_options></Create_options>
    <Comment>countries:country_id</Comment>
  </TableInfoTable>
  <TableInfoTable>
    <Field>birth_date</Field>
    <Type>date</Type>
    <Null>YES</Null>
    <Key></Key>
    <Default></Default>
    <Extra></Extra>
    <Index_length>0</Index_length>
    <Data_free>0</Data_free>
    <Auto_increment>0</Auto_increment>
    <Create_time></Create_time>
    <Update_time></Update_time>
    <Check_time></Check_time>
    <Create_options></Create_options>
    <Comment></Comment>
  </TableInfoTable>
  <TableInfoTable>
    <Field>profession</Field>
    <Type>varchar(30)</Type>
    <Null>YES</Null>
    <Key></Key>
    <Default></Default>
    <Extra></Extra>
    <Index_length>0</Index_length>
    <Data_free>0</Data_free>
    <Auto_increment>0</Auto_increment>
    <Create_time></Create_time>
    <Update_time></Update_time>
    <Check_time></Check_time>
    <Create_options></Create_options>
    <Comment></Comment>
  </TableInfoTable>
  <TableInfoTable>
    <Field>photo</Field>
    <Type>blob</Type>
    <Null>YES</Null>
    <Key></Key>
    <Default></Default>
    <Extra></Extra>
    <Index_length>0</Index_length>
    <Data_free>0</Data_free>
    <Auto_increment>0</Auto_increment>
    <Create_time></Create_time>
    <Update_time></Update_time>
    <Check_time></Check_time>
    <Create_options></Create_options>
    <Comment></Comment>
  </TableInfoTable>
</WINDEV_TABLE>
<WINDEV_TABLE name="stadiums">
  <TableInfoTable>
    <Field>stadium_id</Field>
    <Type>tinyint(4) unsigned</Type>
    <Null></Null>
    <Key>PRI</Key>
    <Default></Default>
    <Extra>auto_increment</Extra>
    <Index_length>0</Index_length>
    <Data_free>0</Data_free>
    <Auto_increment>0</Auto_increment>
    <Create_time></Create_time>
    <Update_time></Update_time>
    <Check_time></Check_time>
    <Create_options></Create_options>
    <Comment></Comment>
  </TableInfoTable>
  <TableInfoTable>
    <Field>name</Field>
    <Type>varchar(30)</Type>
    <Null>YES</Null>
    <Key></Key>
    <Default></Default>
    <Extra></Extra>
    <Index_length>0</Index_length>
    <Data_free>0</Data_free>
    <Auto_increment>0</Auto_increment>
    <Create_time></Create_time>
    <Update_time></Update_time>
    <Check_time></Check_time>
    <Create_options></Create_options>
    <Comment></Comment>
  </TableInfoTable>
  <TableInfoTable>
    <Field>owner</Field>
    <Type>varchar(45)</Type>
    <Null>YES</Null>
    <Key></Key>
    <Default></Default>
    <Extra></Extra>
    <Index_length>0</Index_length>
    <Data_free>0</Data_free>
    <Auto_increment>0</Auto_increment>
    <Create_time></Create_time>
    <Update_time></Update_time>
    <Check_time></Check_time>
    <Create_options></Create_options>
    <Comment></Comment>
  </TableInfoTable>
  <TableInfoTable>
    <Field>capacity</Field>
    <Type>int(5) unsigned</Type>
    <Null></Null>
    <Key></Key>
    <Default>0</Default>
    <Extra></Extra>
    <Index_length>0</Index_length>
    <Data_free>0</Data_free>
    <Auto_increment>0</Auto_increment>
    <Create_time></Create_time>
    <Update_time></Update_time>
    <Check_time></Check_time>
    <Create_options></Create_options>
    <Comment></Comment>
  </TableInfoTable>
  <TableInfoTable>
    <Field>architect</Field>
    <Type>varchar(35)</Type>
    <Null>YES</Null>
    <Key></Key>
    <Default></Default>
    <Extra></Extra>
    <Index_length>0</Index_length>
    <Data_free>0</Data_free>
    <Auto_increment>0</Auto_increment>
    <Create_time></Create_time>
    <Update_time></Update_time>
    <Check_time></Check_time>
    <Create_options></Create_options>
    <Comment></Comment>
  </TableInfoTable>
  <TableInfoTable>
    <Field>opened</Field>
    <Type>date</Type>
    <Null>YES</Null>
    <Key></Key>
    <Default></Default>
    <Extra></Extra>
    <Index_length>0</Index_length>
    <Data_free>0</Data_free>
    <Auto_increment>0</Auto_increment>
    <Create_time></Create_time>
    <Update_time></Update_time>
    <Check_time></Check_time>
    <Create_options></Create_options>
    <Comment></Comment>
  </TableInfoTable>
  <TableInfoTable>
    <Field>photo</Field>
    <Type>blob</Type>
    <Null>YES</Null>
    <Key></Key>
    <Default></Default>
    <Extra></Extra>
    <Index_length>0</Index_length>
    <Data_free>0</Data_free>
    <Auto_increment>0</Auto_increment>
    <Create_time></Create_time>
    <Update_time></Update_time>
    <Check_time></Check_time>
    <Create_options></Create_options>
    <Comment></Comment>
  </TableInfoTable>
</WINDEV_TABLE>
<WINDEV_TABLE name="stadiums_cities">
  <TableInfoTable>
    <Field>stadium_id</Field>
    <Type>tinyint(4) unsigned</Type>
    <Null></Null>
    <Key>PRI</Key>
    <Default>0</Default>
    <Extra></Extra>
    <Index_length>0</Index_length>
    <Data_free>0</Data_free>
    <Auto_increment>0</Auto_increment>
    <Create_time></Create_time>
    <Update_time></Update_time>
    <Check_time></Check_time>
    <Create_options></Create_options>
    <Comment>stadiums:stadium_id</Comment>
  </TableInfoTable>
  <TableInfoTable>
    <Field>city_id</Field>
    <Type>tinyint(4) unsigned</Type>
    <Null></Null>
    <Key>PRI</Key>
    <Default>0</Default>
    <Extra></Extra>
    <Index_length>0</Index_length>
    <Data_free>0</Data_free>
    <Auto_increment>0</Auto_increment>
    <Create_time></Create_time>
    <Update_time></Update_time>
    <Check_time></Check_time>
    <Create_options></Create_options>
    <Comment>cities:city_id</Comment>
  </TableInfoTable>
</WINDEV_TABLE>
<WINDEV_TABLE name="teams">
  <TableInfoTable>
    <Field>team_id</Field>
    <Type>tinyint(2) unsigned</Type>
    <Null></Null>
    <Key>PRI</Key>
    <Default></Default>
    <Extra>auto_increment</Extra>
    <Index_length>0</Index_length>
    <Data_free>0</Data_free>
    <Auto_increment>0</Auto_increment>
    <Create_time></Create_time>
    <Update_time></Update_time>
    <Check_time></Check_time>
    <Create_options></Create_options>
    <Comment></Comment>
  </TableInfoTable>
  <TableInfoTable>
    <Field>country</Field>
    <Type>tinyint(4) unsigned</Type>
    <Null></Null>
    <Key></Key>
    <Default>0</Default>
    <Extra></Extra>
    <Index_length>0</Index_length>
    <Data_free>0</Data_free>
    <Auto_increment>0</Auto_increment>
    <Create_time></Create_time>
    <Update_time></Update_time>
    <Check_time></Check_time>
    <Create_options></Create_options>
    <Comment>countries:country_id</Comment>
  </TableInfoTable>
  <TableInfoTable>
    <Field>photo</Field>
    <Type>blob</Type>
    <Null>YES</Null>
    <Key></Key>
    <Default></Default>
    <Extra></Extra>
    <Index_length>0</Index_length>
    <Data_free>0</Data_free>
    <Auto_increment>0</Auto_increment>
    <Create_time></Create_time>
    <Update_time></Update_time>
    <Check_time></Check_time>
    <Create_options></Create_options>
    <Comment></Comment>
  </TableInfoTable>
  <TableInfoTable>
    <Field>group</Field>
    <Type>enum('A','B','C','D')</Type>
    <Null></Null>
    <Key></Key>
    <Default>A</Default>
    <Extra></Extra>
    <Index_length>0</Index_length>
    <Data_free>0</Data_free>
    <Auto_increment>0</Auto_increment>
    <Create_time></Create_time>
    <Update_time></Update_time>
    <Check_time></Check_time>
    <Create_options></Create_options>
    <Comment></Comment>
  </TableInfoTable>
</WINDEV_TABLE>
<WINDEV_TABLE name="tests">
  <TableInfoTable>
    <Field>team_id</Field>
    <Type>tinyint(2) unsigned</Type>
    <Null></Null>
    <Key>PRI</Key>
    <Default></Default>
    <Extra>auto_increment</Extra>
    <Index_length>0</Index_length>
    <Data_free>0</Data_free>
    <Auto_increment>0</Auto_increment>
    <Create_time></Create_time>
    <Update_time></Update_time>
    <Check_time></Check_time>
    <Create_options></Create_options>
    <Comment>teams:team_id</Comment>
  </TableInfoTable>
  <TableInfoTable>
    <Field>country</Field>
    <Type>tinyint(4) unsigned</Type>
    <Null></Null>
    <Key>PRI</Key>
    <Default>0</Default>
    <Extra></Extra>
    <Index_length>0</Index_length>
    <Data_free>0</Data_free>
    <Auto_increment>0</Auto_increment>
    <Create_time></Create_time>
    <Update_time></Update_time>
    <Check_time></Check_time>
    <Create_options></Create_options>
    <Comment>countries:country_id</Comment>
  </TableInfoTable>
  <TableInfoTable>
    <Field>player</Field>
    <Type>tinyint(4) unsigned</Type>
    <Null></Null>
    <Key>PRI</Key>
    <Default></Default>
    <Extra></Extra>
    <Index_length>0</Index_length>
    <Data_free>0</Data_free>
    <Auto_increment>0</Auto_increment>
    <Create_time></Create_time>
    <Update_time></Update_time>
    <Check_time></Check_time>
    <Create_options></Create_options>
    <Comment>players:player_id</Comment>
  </TableInfoTable>
</WINDEV_TABLE>
</WINDEV_DATABASE>
