<project name="SPL2Text" default="transformAll">
	<property name="splPath" value="/CPL2SPL/SPL/"/>
	<property name="splTcsPath" value="/CPL2SPL/SPL/TextualSyntax/"/>

	<property name="workingPath" value="/CPL2SPL/StepByStep/"/>

	<target name="transformAll" depends="loadModels">
		<antcall target="transformOne" inheritall="true" inheritrefs="true">
			<param name="sample" value="${workingPath}/AComplexExample.cpl-SPL"/>
		</antcall>
	</target>
	
	<!-- parameters: sample -->
	<target name="transformOne">
		<property name="sourceModel" value="${sample}.ecore"/>
		<property name="targetModel" value="${sample}.spl"/>

		<echo message="Serializing ${sample}"/>
		
		<!-- Load source model -->
		<am3.loadModel modelHandler="EMF" name="splModel" metamodel="SPL" path="${sourceModel}"/>

		<!-- Serialize SPL model to text -->
		<am3.saveModel model="splModel" path="${targetModel}">
			<extractor name="ebnf">
				<param name="format" value="SPL.tcs"/>
				<param name="identEsc" value=""/>
				<param name="indentString" value="&#9;"/>
			</extractor>
		</am3.saveModel>
	</target>

	<target name="loadModels">
		<!-- Load SPL metamodel -->
		<am3.loadModel modelHandler="EMF" name="SPL" metamodel="MOF" path="${splPath}SPL.ecore" />

		<!-- Load TCS metamodel -->
		<am3.loadModel modelHandler="EMF" name="TCS" metamodel="MOF" path="/CPL2SPL/AMMACore/TCS.ecore" />
		
		<!-- Load SPL.tcs model -->
		<am3.loadModel modelHandler="EMF" name="SPL.tcs" metamodel="TCS" path="${splTcsPath}SPL.tcs">
			<injector name="ebnf">
				<param name="name" value="TCS"/>
			</injector>
		</am3.loadModel>
	</target>	
</project>
